Date,Team,Opponent,Goalie,Prediction,Saves_Line,Team_Total_Line,Actual_SOG
2026-09-30,PIT,PHI,Dan Vladar,26.9,24.5,2.5,38
2026-09-30,NYI,TOR,Anthony Stolarz,31.1,26.5,3,27
2026-09-30,LAK,COL,Mackenzie Blackwood,26,24.5,2.5,31
2026-09-30,PHI,PIT,Arturs Silovs,24.4,25.5,3,19
2026-09-30,TOR,NYI,Ilya Sorokin,26.6,24.5,3,26
2026-09-30,COL,LAK,Darcy Kuemper,32.1,27.5,3.5,29
2026-10-01,PHI,NJD,Jake Allen,23.4,22.5,2.5,25
2026-10-01,TBL,NYR,Igor Shesterkin,28.1,25.5,3,25
2026-10-01,BUF,CBJ,Jet Greaves,27.7,25.5,3,26
2026-10-01,MIN,NSH,Juuse Saros,29.5,25.5,3,30
2026-10-01,SEA,CGY,Dustin Wolf,27.5,23.5,3,32
2026-10-01,CHI,UTA,Karel Vejmelka,23.2,21.5,2.5,15
2026-10-01,EDM,VAN,Kevin Lankinen,29.9,28.5,3.5,31
2026-10-01,FLA,SJS,Yaroslav Askarov,28.6,25.5,3.5,26
2026-10-01,NJD,PHI,NA,28.7,NA,3.5,44
2026-10-01,NYR,TBL,Andrei Vasilevskiy,25.3,22.5,2.5,25
2026-10-01,CBJ,BUF,Ukko-Pekka Luukkonen,31.8,25.5,3,23
2026-10-01,NSH,MIN,Jesper Wallstedt,30.7,24.5,2.5,20
2026-10-01,CGY,SEA,NA,29,NA,3,25
2026-10-01,UTA,CHI,Arvid Soderblom,30.5,28.5,3.5,32
2026-10-01,VAN,EDM,NA,26.5,NA,2.5,22
2026-10-01,SJS,FLA,NA,25.7,NA,3,32
2026-10-02,NYR,DET,John Gibson,23.9,23.5,3,21
2026-10-02,WSH,CAR,Brandon Bussi,25.6,23.5,2.5,27
2026-10-02,BOS,WPG,NA,26,NA,3,30
2026-10-02,STL,DAL,Jake Oettinger,23.4,22.5,NA,24
2026-10-02,ANA,VGK,Carter Hart,25.7,23.5,2.5,20
2026-10-02,DET,NYR,NA,31.5,NA,3,22
2026-10-02,CAR,WSH,Logan Thompson,32.3,26.5,2.5,33
2026-10-02,WPG,BOS,Jeremy Swayman,29.3,24.5,3,33
2026-10-02,DAL,STL,Joel Hofer,25.1,26.5,3.5,25
2026-10-02,VGK,ANA,Lukas Dostal,30.7,26.5,3.5,30
2026-10-03,CHI,BUF,NA,24.9,NA,2.5,NA
2026-10-03,OTT,TOR,NA,29.8,NA,3,NA
2026-10-03,WSH,TBL,NA,26.1,NA,2.5,NA
2026-10-03,CAR,PHI,NA,28,NA,3,NA
2026-10-03,MTL,PIT,NA,26.1,NA,3.5,NA
2026-10-03,UTA,CBJ,NA,28.3,NA,3,NA
2026-10-03,SEA,EDM,NA,26.4,NA,2.5,NA
2026-10-03,NJD,NYI,NA,27.8,NA,3,NA
2026-10-03,DAL,NSH,NA,26,NA,3,NA
2026-10-03,BOS,MIN,NA,28.1,NA,2.5,NA
2026-10-03,STL,COL,NA,23.2,NA,NA,NA
2026-10-03,CGY,VAN,NA,27.8,NA,3,NA
2026-10-03,LAK,SJS,NA,28.1,NA,3,NA
2026-10-03,BUF,CHI,NA,29.8,NA,3.5,NA
2026-10-03,TOR,OTT,NA,24.5,NA,3,NA
2026-10-03,TBL,WSH,NA,28.8,NA,3.5,NA
2026-10-03,PHI,CAR,NA,23.8,NA,3,NA
2026-10-03,PIT,MTL,NA,28.3,NA,3,NA
2026-10-03,CBJ,UTA,NA,29.7,NA,3,NA
2026-10-03,EDM,SEA,NA,31.3,NA,3.5,NA
2026-10-03,NYI,NJD,NA,27.9,NA,2.5,NA
2026-10-03,NSH,DAL,NA,27.9,NA,3,NA
2026-10-03,MIN,BOS,NA,31.9,NA,3.5,NA
2026-10-03,COL,STL,NA,32.7,NA,4,NA
2026-10-03,VAN,CGY,NA,27.5,NA,3,NA
2026-10-03,SJS,LAK,NA,26,NA,3,NA
